complexity,loss,R2_q,R2_w,sign_ok,equation
1,5.130451e-10,-0.0030055082541300404,-0.022087255008410578,0.48186528497409326,5.042046e-9
3,5.130313e-10,-0.002999582265060363,-0.0220552340764395,0.7823834196891192,theta * -1.7430797e-7
4,5.130303e-10,-0.002999366192566022,-0.022053424354620432,0.7823834196891192,sin(theta) * -2.0348699e-7
5,5.1223575e-10,-0.006339004971470885,-0.021440649830620995,0.48186528497409326,(Hs ^ Tp) * 1.9353003e-8
7,3.4780362e-10,0.40887409963031107,0.3273032619144519,0.7823834196891192,((Hs ^ 7.7179713) * theta) * -6.0992033e-6
8,3.373158e-10,0.4676812177414128,0.3551777268874122,0.7823834196891192,(sin(theta) * -2.663456e-6) * (Hs ^ 8.790007)
9,2.9217634e-10,0.7639935334224217,0.4320948583729026,0.7823834196891192,(((Tp * 5.4412003) ^ Hs) * -4.3146602e-7) * theta
10,2.3088662e-10,0.5235821378335082,0.5242754875904149,0.7823834196891192,theta * ((log(Hs / 0.39730293) ^ Tp) * -3.519611e-5)
11,2.1778408e-10,0.5490885735191412,0.5488833111303815,0.7823834196891192,(log(Hs / 0.40857598) ^ Tp) * (sin(theta) * -4.880321e-5)
12,2.1335943e-10,0.4601610963310683,0.5465145053737015,0.7823834196891192,theta * (Tp * ((log(Hs / 0.49507666) ^ Tp) * -1.3648788e-5))
13,1.741473e-10,0.8429571095745569,0.5778717696988017,0.8290155440414507,((theta * ((Tp ^ Hs) + -2.4486656)) * -1.2472748e-5) * (Tp + -5.3351426)
14,1.4855987e-10,0.8476418673998407,0.589444952671272,0.8652849740932642,(theta * (((Tp - cos(Tp)) + -4.7718945) * (Tp ^ Hs))) * -1.0617288e-5
15,1.2953467e-10,0.8824161260359881,0.6344776775019849,0.8652849740932642,(sin(theta) * -1.2647029e-5) * ((Tp + (-4.7718945 - cos(Tp))) * (Tp ^ Hs))
16,1.04526277e-10,0.8247862503238899,0.7453712275473097,0.8238341968911918,sin((Hs + -0.6513563) * theta) * (((Tp + -5.362297) * -1.3465682e-5) * (Tp ^ Hs))
17,1.03422645e-10,0.8782844598735706,0.7082337902354044,0.8290155440414507,((sin(theta) * -1.4348523e-5) * ((Tp + -4.9336615) - cos(Tp))) * ((Tp ^ Hs) + -2.822407)
18,8.752008e-11,0.7391013286340731,0.780386322973856,0.8341968911917098,((Tp + -5.7460637) * (((Tp ^ Hs) + -3.456509) * -1.5839778e-5)) * sin((Hs + -0.56230277) * theta)
19,6.400301e-11,0.9254302491443692,0.8181529690743397,0.8290155440414507,((Tp ^ Hs) + -2.7715814) * (((Tp + (-4.9336615 - cos(Tp))) * sin(theta + theta)) * -1.1714053e-5)
21,5.3059022e-11,0.8963260844621701,0.8508239629199579,0.8031088082901554,((((Tp ^ Hs) + -2.4486744) * sin(theta * 2.06616)) * -1.2571864e-5) * ((Tp - cos(Tp - 0.3844178)) + -5.049633)
22,5.2999157e-11,0.8938374574045238,0.8524974528686492,0.8393782383419689,(((Tp + -5.049633) - cos(Tp - 0.3844178)) * (sin(theta * 2.06616) * ((Tp ^ Hs) - sqrt(Tp)))) * -1.2634778e-5
23,4.6054938e-11,0.9092376677214945,0.876846914391079,0.7979274611398963,sin(theta * 2.0517116) * ((((Tp + -5.049633) * 0.75414425) - cos(Tp - 0.38443446)) * (((Tp ^ Hs) - 2.8058558) * -1.6552163e-5))
24,3.681004e-11,0.8904805979994016,0.8881508310786616,0.8238341968911918,(((Tp + -5.909512) * Hs) * ((Hs * Tp) * (((Hs * sin(theta * 2.0517116)) * -2.764314e-6) * Hs))) * (Tp + -4.6254854)
