tp,mainang,q_tot,folder
11.33,276.67,-0.0005257832542858006,run_tp_11.33_ang_276.67
12.56,223.33,0.002064953796149445,run_tp_12.56_ang_223.33
10.11,250.0,0.000986768649326054,run_tp_10.11_ang_250.00
10.11,263.33,0.00021764176513496824,run_tp_10.11_ang_263.33
12.56,290.0,-0.0013525470812679537,run_tp_12.56_ang_290.00
11.33,210.0,0.0016149439065187197,run_tp_11.33_ang_210.00
10.11,236.67,0.0011259439682037246,run_tp_10.11_ang_236.67
10.11,330.0,-0.0013168047369567812,run_tp_10.11_ang_330.00
12.56,236.67,0.0021762522958693555,run_tp_12.56_ang_236.67
12.56,250.0,0.001114965353842463,run_tp_12.56_ang_250.00
11.33,290.0,-0.0011414579899287588,run_tp_11.33_ang_290.00
10.11,316.67,-0.0013218810985167477,run_tp_10.11_ang_316.67
10.11,210.0,0.0011717636020857898,run_tp_10.11_ang_210.00
11.33,263.33,0.0004957475588492255,run_tp_11.33_ang_263.33
10.11,290.0,-0.0008148778162309856,run_tp_10.11_ang_290.00
11.33,330.0,-0.001508742793731501,run_tp_11.33_ang_330.00
11.33,223.33,0.0017094831040073402,run_tp_11.33_ang_223.33
10.11,303.33,-0.0011938984096734175,run_tp_10.11_ang_303.33
12.56,210.0,0.001776247016683971,run_tp_12.56_ang_210.00
11.33,303.33,-0.0014051430655321216,run_tp_11.33_ang_303.33
11.33,250.0,0.0006320713041222614,run_tp_11.33_ang_250.00
10.11,276.67,-0.0005236040476745168,run_tp_10.11_ang_276.67
11.33,316.67,-0.0019431837191089664,run_tp_11.33_ang_316.67
12.56,263.33,0.0005755923110080115,run_tp_12.56_ang_263.33
11.33,236.67,0.0016647007643276522,run_tp_11.33_ang_236.67
10.11,223.33,0.0015006351532497741,run_tp_10.11_ang_223.33
12.56,276.67,-0.0003129878094436831,run_tp_12.56_ang_276.67
15.0,276.67,-0.0014368942453798516,run_tp_15.00_ang_276.67
13.78,223.33,0.002469538438174242,run_tp_13.78_ang_223.33
12.56,330.0,-0.0013237835444615015,run_tp_12.56_ang_330.00
13.78,316.67,-0.00205337535969347,run_tp_13.78_ang_316.67
15.0,316.67,-0.004410646886721278,run_tp_15.00_ang_316.67
13.78,210.0,0.001743817918111728,run_tp_13.78_ang_210.00
15.0,330.0,-0.00170804053413148,run_tp_15.00_ang_330.00
13.78,303.33,-0.0022762145730613574,run_tp_13.78_ang_303.33
15.0,290.0,-0.007337004755326745,run_tp_15.00_ang_290.00
15.0,210.0,0.0017913456769202971,run_tp_15.00_ang_210.00
13.78,290.0,-0.0010900483687080644,run_tp_13.78_ang_290.00
15.0,236.67,0.0037835148363519135,run_tp_15.00_ang_236.67
15.0,303.33,-0.0018126105938092686,run_tp_15.00_ang_303.33
15.0,263.33,-0.003347311223914628,run_tp_15.00_ang_263.33
13.78,276.67,-0.0006051174564998534,run_tp_13.78_ang_276.67
12.56,316.67,-0.0017833913250787702,run_tp_12.56_ang_316.67
13.78,263.33,0.00046538868730820873,run_tp_13.78_ang_263.33
13.78,250.0,0.0010911248513641443,run_tp_13.78_ang_250.00
12.56,303.33,-0.0020250927308870874,run_tp_12.56_ang_303.33
15.0,250.0,0.0005973075254449727,run_tp_15.00_ang_250.00
13.78,236.67,0.0019190258733862383,run_tp_13.78_ang_236.67
15.0,223.33,0.0023809290857640464,run_tp_15.00_ang_223.33
13.78,330.0,-0.0020273728575039606,run_tp_13.78_ang_330.00
6.44,223.33,0.0003348601882528383,run_tp_6.44_ang_223.33
6.44,250.0,0.0001536208983579937,run_tp_6.44_ang_250.00
4.0,276.67,5.453799830531419e-10,run_tp_4.00_ang_276.67
6.44,236.67,0.0002579023785089857,run_tp_6.44_ang_236.67
5.22,330.0,-2.6003636866116825e-05,run_tp_5.22_ang_330.00
4.0,290.0,-2.793439886244835e-09,run_tp_4.00_ang_290.00
5.22,290.0,-1.6264262269092632e-05,run_tp_5.22_ang_290.00
5.22,210.0,3.064266900513817e-05,run_tp_5.22_ang_210.00
4.0,316.67,-1.6476610788548012e-09,run_tp_4.00_ang_316.67
5.22,276.67,-6.202179211540695e-06,run_tp_5.22_ang_276.67
4.0,223.33,5.362084434371463e-10,run_tp_4.00_ang_223.33
5.22,236.67,2.8948051808900125e-05,run_tp_5.22_ang_236.67
4.0,263.33,-1.4400297271444597e-09,run_tp_4.00_ang_263.33
4.0,210.0,2.516850412172319e-09,run_tp_4.00_ang_210.00
5.22,316.67,-2.8469580671301767e-05,run_tp_5.22_ang_316.67
5.22,263.33,4.485340618087587e-06,run_tp_5.22_ang_263.33
4.0,236.67,1.3763530761276321e-09,run_tp_4.00_ang_236.67
5.22,250.0,1.551937145632324e-05,run_tp_5.22_ang_250.00
4.0,303.33,-1.3072531123502604e-09,run_tp_4.00_ang_303.33
5.22,303.33,-2.7344957458380786e-05,run_tp_5.22_ang_303.33
5.22,223.33,3.520195768463207e-05,run_tp_5.22_ang_223.33
4.0,330.0,-1.3130169540562132e-09,run_tp_4.00_ang_330.00
6.44,210.0,0.00025912374682455775,run_tp_6.44_ang_210.00
4.0,250.0,-7.7665137592913e-10,run_tp_4.00_ang_250.00
6.44,316.67,-0.0003186666086244002,run_tp_6.44_ang_316.67
6.44,290.0,-0.00020007884463942797,run_tp_6.44_ang_290.00
7.67,303.33,-0.0007927597213223892,run_tp_7.67_ang_303.33
6.44,263.33,2.6076378729760947e-05,run_tp_6.44_ang_263.33
6.44,303.33,-0.00032628623259053,run_tp_6.44_ang_303.33
8.89,210.0,0.0008739505977186704,run_tp_8.89_ang_210.00
7.67,330.0,-0.0005223648652733986,run_tp_7.67_ang_330.00
7.67,276.67,-0.00018311715459200692,run_tp_7.67_ang_276.67
6.44,330.0,-0.00023680465613534443,run_tp_6.44_ang_330.00
7.67,316.67,-0.0006422011202057463,run_tp_7.67_ang_316.67
7.67,290.0,-0.0003673094970893644,run_tp_7.67_ang_290.00
7.67,236.67,0.0007619615292356656,run_tp_7.67_ang_236.67
7.67,210.0,0.0007629594551460447,run_tp_7.67_ang_210.00
7.67,263.33,0.00019132891463163366,run_tp_7.67_ang_263.33
7.67,223.33,0.0007749940679597313,run_tp_7.67_ang_223.33
7.67,250.0,0.0004193519822947893,run_tp_7.67_ang_250.00
6.44,276.67,-7.27096386376734e-05,run_tp_6.44_ang_276.67
8.89,263.33,0.0002636180308182175,run_tp_8.89_ang_263.33
8.89,276.67,-0.0002586431478527931,run_tp_8.89_ang_276.67
8.89,250.0,0.0006976691454701818,run_tp_8.89_ang_250.00
8.89,303.33,-0.001012480848795642,run_tp_8.89_ang_303.33
8.89,316.67,-0.00126441488349917,run_tp_8.89_ang_316.67
8.89,236.67,0.001038049699732563,run_tp_8.89_ang_236.67
8.89,330.0,-0.0009902299552783616,run_tp_8.89_ang_330.00
8.89,290.0,-0.0005960272949758041,run_tp_8.89_ang_290.00
8.89,223.33,0.0011274449010982546,run_tp_8.89_ang_223.33
